{"graph": {"_type": "graph-file", "path": "media/graph/graph_summary_5710fcd3a5089b1c9b6e.graph.json", "sha256": "5710fcd3a5089b1c9b6ecb5ce25a9976eaf93945c3fa14b755931fc61d9c8a62", "size": 2498}, "epoch": 59, "loss": 0.3134302794933319, "accuracy": 0.8886117935180664, "val_loss": 0.9826814532279968, "val_accuracy": 0.738095223903656, "_runtime": 1492, "_timestamp": 1636363198, "_step": 59, "best_val_loss": 0.8247944116592407, "best_epoch": 24, "_wandb": {"runtime": 1486}}