{"graph": {"_type": "graph-file", "path": "media/graph/graph_summary_d7013914052dd0ef6a43.graph.json", "sha256": "d7013914052dd0ef6a43fe8bb1fcee44031c1369611cf961c28cc306c31886f0", "size": 2551}, "epoch": 4, "loss": 1.0289441347122192, "accuracy": 0.5253533124923706, "val_loss": 1.2403377294540405, "val_accuracy": 0.3928571343421936, "_runtime": 154, "_timestamp": 1636358191, "_step": 4, "best_val_loss": 1.151824712753296, "best_epoch": 2, "_wandb": {"runtime": 144}}