{"graph": {"_type": "graph-file", "path": "media/graph/graph_summary_2e7230551719ad790cac.graph.json", "sha256": "2e7230551719ad790cac1024375ee53eaf95dd1498a0b4e63066adfd68e5cbf0", "size": 2567}, "epoch": 59, "loss": 0.2786414921283722, "accuracy": 0.9010806083679199, "val_loss": 1.226881504058838, "val_accuracy": 0.7142857313156128, "_runtime": 844, "_timestamp": 1636364209, "_step": 59, "best_val_loss": 0.8050608038902283, "best_epoch": 30, "_wandb": {"runtime": 839}}