{"graph": {"_type": "graph-file", "path": "media/graph/graph_summary_5710fcd3a5089b1c9b6e.graph.json", "sha256": "5710fcd3a5089b1c9b6ecb5ce25a9976eaf93945c3fa14b755931fc61d9c8a62", "size": 2498}, "epoch": 0, "loss": 1.3225550651550293, "accuracy": 0.34247714281082153, "val_loss": 1.1948883533477783, "val_accuracy": 0.3452380895614624, "_runtime": 33, "_timestamp": 1636367116, "_step": 0, "best_val_loss": 1.1948883533477783, "best_epoch": 0}