{"graph": {"_type": "graph-file", "path": "media/graph/graph_summary_fdd15269b86ec62dab4f.graph.json", "sha256": "fdd15269b86ec62dab4fb3584a5e0fca73055cec26422ee6dcc8e27df2cb830a", "size": 2496}, "epoch": 15, "loss": 0.691727340221405, "accuracy": 0.7522859573364258, "val_loss": 0.9231173396110535, "val_accuracy": 0.6666666865348816, "_runtime": 279, "_timestamp": 1637582411, "_step": 15, "best_val_loss": 0.8830521702766418, "best_epoch": 9}