{"graph": {"_type": "graph-file", "path": "media/graph/graph_summary_0c7bbe5ca555e1c47c60.graph.json", "sha256": "0c7bbe5ca555e1c47c6005f6470366bc974c4678d562b3ddfd81a8296fec3fd0", "size": 2575}, "epoch": 59, "loss": 0.34310397505760193, "accuracy": 0.8719866871833801, "val_loss": 0.805908203125, "val_accuracy": 0.75, "_runtime": 1486, "_timestamp": 1636359858, "_step": 59, "best_val_loss": 0.7273386716842651, "best_epoch": 47, "_wandb": {"runtime": 1479}}