{"graph": {"_type": "graph-file", "path": "media/graph/graph_summary_7f7a96088fa9fd18a605.graph.json", "sha256": "7f7a96088fa9fd18a605f45759db23b2f696b0d04edd9c6f59e1de8b1699b44f", "size": 2496}, "epoch": 59, "loss": 0.4830072224140167, "accuracy": 0.8279301524162292, "val_loss": 0.7834550142288208, "val_accuracy": 0.6547619104385376, "_runtime": 1484, "_timestamp": 1637567050, "_step": 59, "best_val_loss": 0.6918154954910278, "best_epoch": 56, "_wandb": {"runtime": 1468}}