{"graph": {"_type": "graph-file", "path": "media/graph/graph_summary_0d1e4a27928f53c51938.graph.json", "sha256": "0d1e4a27928f53c519388e3864acd9ac72e3739c23c590a42da6b36b4037bd40", "size": 2567}, "epoch": 59, "loss": 0.3050553500652313, "accuracy": 0.889443039894104, "val_loss": 1.148271918296814, "val_accuracy": 0.738095223903656, "_runtime": 929, "_timestamp": 1637568972, "_step": 59, "best_val_loss": 0.8261030316352844, "best_epoch": 38, "_wandb": {"runtime": 922}}