{"graph": {"_type": "graph-file", "path": "media/graph/graph_summary_fc7cd93559dcce622fef.graph.json", "sha256": "fc7cd93559dcce622fef070f4028b4fce2251d6c035c302e3b2dee3f4bccff73", "size": 2253}, "examples": {"_type": "images/separated", "width": 128, "height": 128, "format": "png", "count": 14, "captions": ["sunny", "rainy", "rainy", "cloudy", "cloudy", "sunny", "cloudy", "rainy", "rainy", "rainy", "cloudy", "sunny", "rainy", "haze"]}, "epoch": 59, "loss": 0.3463013470172882, "accuracy": 0.8736492395401001, "val_loss": 0.9357488751411438, "val_accuracy": 0.726190447807312, "_runtime": 1388, "_timestamp": 1629317714, "_step": 59, "best_val_loss": 0.5828611254692078, "best_epoch": 46, "_wandb": {"runtime": 1190}}